{
  "epoch": [
    0,
    1,
    2,
    3,
    4,
    5,
    6,
    7,
    8,
    9,
    10,
    11,
    12,
    13,
    14
  ],
  "train_loss": [
    0.5008795877559389,
    0.44700242560199155,
    0.4424395651213986,
    0.363035117539727,
    0.31012105112185706,
    0.299025087634685,
    0.28671265221774744,
    0.27476381140840805,
    0.27723704654993253,
    0.27279404238328997,
    0.2695490250246545,
    0.27508775719414313,
    0.2647222832476095,
    0.2621123948640007,
    0.2667313480926704
  ],
  "val_auc": [
    0.6941478085576798,
    0.7222558200026011,
    0.7338958252048382,
    0.9621615294576669,
    0.9669680712706465,
    0.9783645467551049,
    0.9780455846013786,
    0.9804773052412539,
    0.9814322408635713,
    0.9782101053452984,
    0.9775172324099364,
    0.9792791650409676,
    0.9804186175055274,
    0.981560345948758,
    0.9811360384965535
  ]
}